;batch_size;learning_rate;l2_lambda;alpha;loss_func;time_steps_in;time_steps_out;n_vars;nof_ens;units;n_layers;eta_qd;lamb_qd;epochs;coverage;avg_length;coverage_conf;avg_length_conf;mis;cwc;coverage_sum;coverage_conf_sum;avg_length_sum;avg_length_conf_sum;mis_sum;cwc_sum
0;16;0.0005;0.005;0.05;qd;2;1;1;1;32;3;100;0.01;52;0.9672131147540983;4.2599238522382485;0.9344262295081968;7.710615313932633;4.268925810727012;0.7868823190954998;0.9573770491803278;0.9377049180327871;4.175915905445679;7.952119745424947;4.377942178665912;0.7813864120186407
