;batch_size;learning_rate;l2_lambda;alpha;loss_func;time_steps_in;time_steps_out;n_vars;nof_ens;units;n_layers;eta_qd;lamb_qd;epochs;coverage;avg_length;coverage_conf;avg_length_conf;mis;cwc;coverage_sum;coverage_conf_sum;avg_length_sum;avg_length_conf_sum;mis_sum;cwc_sum
0;8;0.001;0.0001;0.05;qd;1;1;1;1;32;2;50;0.1;54;0.6484848484848484;15.351090785137371;0.5515151515151515;13.34895574016237;95.58947945574188;0.022820706170142358;0.6484848484848484;0.5515151515151515;15.351090785137371;13.34895574016237;95.58947945574188;0.022820706170142358
