;batch_size;learning_rate;l2_lambda;alpha;loss_func;time_steps_in;time_steps_out;n_vars;nof_ens;kernel_size;n_filters;dilations;epochs;coverage;avg_length;coverage_conf;avg_length_conf;mis;cwc;coverage_sum;coverage_conf_sum;avg_length_sum;avg_length_conf_sum;mis_sum;cwc_sum
0;32;0.005;1e-05;0.1;pb;1;1;1;1;5;16;1,2,4;72;0.9666666666666667;37.24718541418586;0.7166666666666667;21.146890365512938;59.45959911149086;0.8131356891869761;0.8949999999999999;0.7466666666666667;35.026633496889644;21.816716763613066;67.37341189057645;0.671687380989521
