;batch_size;learning_rate;l2_lambda;alpha;loss_func;time_steps_in;time_steps_out;n_vars;nof_ens;units;n_layers;eta_qd;lamb_qd;epochs;coverage;avg_length;coverage_conf;avg_length_conf;mis;cwc;coverage_sum;coverage_conf_sum;avg_length_sum;avg_length_conf_sum;mis_sum;cwc_sum
0;8;0.001;0.0001;0.1;qd;1;1;1;1;32;2;60;0.75;54;0.9272727272727272;22.393466939999044;0.703030303030303;16.119488181614784;36.110209038262894;0.049545752173488083;0.9072727272727272;0.663030303030303;22.139343205168075;15.73618394462144;38.399842285701574;0.05643237592634413
