;batch_size;learning_rate;l2_lambda;alpha;loss_func;time_steps_in;time_steps_out;n_vars;nof_ens;units;n_layers;eta_qd;lamb_qd;epochs;coverage;avg_length;coverage_conf;avg_length_conf;mis;cwc;coverage_sum;coverage_conf_sum;avg_length_sum;avg_length_conf_sum;mis_sum;cwc_sum
0;16;0.0005;0.005;0.05;qd;2;1;1;1;32;3;150;0.01;52;0.9508196721311475;4.174769198428884;0.9344262295081968;7.584810487549349;4.442732642760628;0.7980115263893156;0.9622950819672133;0.939344262295082;4.209218360067798;8.019944873362281;4.408846110242093;0.7876611947187082
